{
    "last_image_folder": "C:/Users/hyper/PycharmProjects/CPET_Final_Project/data files/hawk_eye_serve_volley/serve1",
    "hsv_settings": {
        "h_min": 10,
        "h_max": 85,
        "s_min": 96,
        "s_max": 193,
        "v_min": 112,
        "v_max": 255,
        "blur_size": 3,
        "morph_iterations": 3,
        "dilation_iterations": 1
    },
    "roi_settings": {
        "width": 106,
        "height": 100,
        "enabled": true,
        "auto_center": true
    },
    "hough_circle_settings": {
        "dp": 1.3,
        "min_dist": 112,
        "param1": 64,
        "param2": 42,
        "min_radius": 10,
        "max_radius": 25,
        "adaptive": false
    },
    "kalman_settings": {
        "process_noise": 0.03,
        "measurement_noise": 1.9,
        "max_lost_frames": 20,
        "dynamic_process_noise": true,
        "adaptive_measurement_noise": true,
        "dt": 0.1,
        "reset_threshold": 100.0,
        "velocity_decay": 0.98,
        "position_memory": 0.7
    },
    "camera_settings": {
        "camera_location_x": 0.0,
        "camera_location_y": 29.09,
        "camera_location_z": 12.5,
        "camera_rotation_x": -65.0,
        "camera_rotation_y": 0.0,
        "camera_rotation_z": 180.0,
        "focal_length_mm": 50.0,
        "baseline_m": 1.0,
        "sensor_width_mm": 36.0,
        "sensor_height_mm": 24.0,
        "principal_point_x": 320.0,
        "principal_point_y": 240.0,
        "image_width_px": 640,
        "image_height_px": 480
    },
    "calibration_points": {
        "left": [
            [
                0.3528068555008209,
                0.1845283707352673
            ],
            [
                0.38958333333333334,
                0.18981481481481483
            ],
            [
                0.634375,
                0.18981481481481483
            ],
            [
                0.6743200944170773,
                0.18738368910782702
            ],
            [
                0.384375,
                0.2777777777777778
            ],
            [
                0.5170915057168888,
                0.2860955431011476
            ],
            [
                0.6411458333333333,
                0.2777777777777778
            ],
            [
                0.340625,
                0.6324074074074074
            ],
            [
                0.5145833333333333,
                0.6324074074074074
            ],
            [
                0.6963541666666667,
                0.6324074074074074
            ],
            [
                0.23333333333333334,
                0.8759259259259259
            ],
            [
                0.309375,
                0.8759259259259259
            ],
            [
                0.7338541666666667,
                0.8759259259259259
            ],
            [
                0.809375,
                0.875
            ]
        ],
        "right": [
            [
                0.3205128205128205,
                0.18803418803418803
            ],
            [
                0.35572916666666665,
                0.18981481481481483
            ],
            [
                0.6,
                0.18981481481481483
            ],
            [
                0.6416160593792174,
                0.18218623481781376
            ],
            [
                0.34739583333333335,
                0.2777777777777778
            ],
            [
                0.4786458333333333,
                0.2861111111111111
            ],
            [
                0.6036458333333333,
                0.2777777777777778
            ],
            [
                0.28854166666666664,
                0.6324074074074074
            ],
            [
                0.46979166666666666,
                0.6324074074074074
            ],
            [
                0.6442708333333333,
                0.6324074074074074
            ],
            [
                0.17291666666666666,
                0.875
            ],
            [
                0.2484375,
                0.8759259259259259
            ],
            [
                0.6723958333333333,
                0.8759259259259259
            ],
            [
                0.7479166666666667,
                0.875
            ]
        ],
        "left_image_size": {
            "width": 0,
            "height": 0
        },
        "right_image_size": {
            "width": 0,
            "height": 0
        },
        "left_image_path": null,
        "right_image_path": null,
        "calib_ver": 1.2
    },
    "coordinate_settings": {
        "rotation": {
            "x": 0.0,
            "y": 0.0,
            "z": 0.0
        },
        "scale": 0.01,
        "camera_height": 3.0
    }
}