{
    "last_image_folder": "C:/Users/hyper/PycharmProjects/CPET_Final_Project/data files/hawk_eye_serve_volley/serve1",
    "hsv_settings": {
        "h_min": 13,
        "h_max": 83,
        "s_min": 110,
        "s_max": 193,
        "v_min": 114,
        "v_max": 255,
        "blur_size": 3,
        "morph_iterations": 3,
        "dilation_iterations": 3
    },
    "roi_settings": {
        "enabled": false,
        "width": 150,
        "height": 150,
        "auto_center": true
    },
    "hough_circle_settings": {
        "dp": 1.3,
        "min_dist": 200,
        "param1": 102,
        "param2": 36,
        "min_radius": 11,
        "max_radius": 24,
        "enabled": true,
        "adaptive": true
    },
    "kalman_settings": {
        "process_noise": 0.1,
        "measurement_noise": 0.3,
        "max_lost_frames": 10,
        "dynamic_process_noise": false,
        "adaptive_measurement_noise": false
    },
    "camera_settings": {
        "camera_location_x": 0.0,
        "camera_location_y": 29.089,
        "camera_location_z": 12.503,
        "camera_rotation_x": 65.0,
        "camera_rotation_y": 0.0,
        "camera_rotation_z": 180.0,
        "focal_length_mm": 50.0,
        "baseline_m": 1.0,
        "sensor_width": 36.0,
        "sensor_height": 24.0,
        "principal_point_x": 320.0,
        "principal_point_y": 240.0,
        "resizing_scale": 0.5
    },
    "calibration_points": {
        "left": [
            [
                0.354679802955665,
                0.18098887064404304
            ],
            [
                0.39737274220032837,
                0.18974639664294837
            ],
            [
                0.6256157635467979,
                0.1780696953110746
            ],
            [
                0.6781609195402297,
                0.19266557197591677
            ],
            [
                0.39244663382594414,
                0.274402481299033
            ],
            [
                0.5057471264367815,
                0.2919175332968436
            ],
            [
                0.638752052545156,
                0.28024083196496985
            ],
            [
                0.33825944170771755,
                0.6305418719211823
            ],
            [
                0.5353037766830869,
                0.6305418719211823
            ],
            [
                0.689655172413793,
                0.6451377485860245
            ],
            [
                0.22331691297208536,
                0.8874293012224046
            ],
            [
                0.32348111658456485,
                0.8815909505564677
            ],
            [
                0.7389162561576353,
                0.8786717752234993
            ],
            [
                0.8210180623973727,
                0.8757525998905309
            ]
        ],
        "right": [
            [
                0.31414473684210525,
                0.1754385964912281
            ],
            [
                0.37664473684210525,
                0.18421052631578946
            ],
            [
                0.6085526315789473,
                0.1929824561403509
            ],
            [
                0.6348684210526316,
                0.1754385964912281
            ],
            [
                0.3289473684210526,
                0.2748538011695907
            ],
            [
                0.4440789473684211,
                0.2719298245614035
            ],
            [
                0.5625,
                0.28654970760233917
            ],
            [
                0.2845394736842105,
                0.6198830409356726
            ],
            [
                0.4605263157894737,
                0.6345029239766082
            ],
            [
                0.6217105263157895,
                0.6578947368421052
            ],
            [
                0.1694078947368421,
                0.868421052631579
            ],
            [
                0.28289473684210525,
                0.8654970760233918
            ],
            [
                0.6710526315789473,
                0.891812865497076
            ],
            [
                0.7319078947368421,
                0.8771929824561403
            ]
        ],
        "left_image_size": {
            "width": 1920.0,
            "height": 1080.0
        },
        "right_image_size": {
            "width": 1920.0,
            "height": 1080.0
        },
        "left_image_path": null,
        "right_image_path": null,
        "calib_ver": 1.2
    },
    "fallback_settings": {
        "use_hsv_centroid": false,
        "accuracy_threshold": 20.0,
        "show_accuracy": false
    }
}