{
    "last_image_folder": "C:/Users/hyper/PycharmProjects/CPET_Final_Project/data files/hawk_eye_serve_volley/serve1",
    "hsv_settings": {
        "h_min": 13,
        "h_max": 83,
        "s_min": 110,
        "s_max": 193,
        "v_min": 114,
        "v_max": 255,
        "blur_size": 3,
        "morph_iterations": 3,
        "dilation_iterations": 3
    },
    "roi_settings": {
        "enabled": false,
        "width": 150,
        "height": 150,
        "auto_center": true
    },
    "hough_circle_settings": {
        "dp": 1.3,
        "min_dist": 200,
        "param1": 102,
        "param2": 36,
        "min_radius": 11,
        "max_radius": 24,
        "enabled": true,
        "adaptive": true
    },
    "kalman_settings": {
        "process_noise": 0.1,
        "measurement_noise": 0.3,
        "max_lost_frames": 10,
        "dynamic_process_noise": false,
        "adaptive_measurement_noise": false
    },
    "camera_settings": {
        "camera_location_x": 0.0,
        "camera_location_y": 29.089,
        "camera_location_z": 12.503,
        "camera_rotation_x": 65,
        "camera_rotation_y": 0.0,
        "camera_rotation_z": 180,
        "focal_length_mm": 50,
        "baseline_m": 1,
        "sensor_width": 36,
        "sensor_height": 24,
        "principal_point_x": 960,
        "principal_point_y": 540,
        "resizing_scale": 1.0
    },
    "calibration_points": {
        "left": [
            [
                0.354679802955665,
                0.18098887064404304
            ],
            [
                0.38958333333333334,
                0.18981481481481483
            ],
            [
                0.634375,
                0.18981481481481483
            ],
            [
                0.6781609195402297,
                0.19266557197591677
            ],
            [
                0.38385416666666666,
                0.2777777777777778
            ],
            [
                0.5057471264367815,
                0.2919175332968436
            ],
            [
                0.640625,
                0.2777777777777778
            ],
            [
                0.340625,
                0.6324074074074074
            ],
            [
                0.5145833333333333,
                0.6324074074074074
            ],
            [
                0.6963541666666667,
                0.6324074074074074
            ],
            [
                0.23333333333333334,
                0.8759259259259259
            ],
            [
                0.309375,
                0.8759259259259259
            ],
            [
                0.7338541666666667,
                0.8759259259259259
            ],
            [
                0.809375,
                0.8759259259259259
            ]
        ],
        "right": [
            [
                0.319078947368421,
                0.1871345029239766
            ],
            [
                0.35572916666666665,
                0.18981481481481483
            ],
            [
                0.6,
                0.18981481481481483
            ],
            [
                0.6430921052631579,
                0.19005847953216376
            ],
            [
                0.34739583333333335,
                0.2777777777777778
            ],
            [
                0.4786458333333333,
                0.2861111111111111
            ],
            [
                0.6036458333333333,
                0.2777777777777778
            ],
            [
                0.28854166666666664,
                0.6324074074074074
            ],
            [
                0.46979166666666666,
                0.6324074074074074
            ],
            [
                0.6442708333333333,
                0.6324074074074074
            ],
            [
                0.17291666666666666,
                0.875
            ],
            [
                0.2484375,
                0.8759259259259259
            ],
            [
                0.671875,
                0.875
            ],
            [
                0.7479166666666667,
                0.875
            ]
        ],
        "left_image_size": {
            "width": 1920.0,
            "height": 1080.0
        },
        "right_image_size": {
            "width": 1920.0,
            "height": 1080.0
        },
        "left_image_path": null,
        "right_image_path": null,
        "calib_ver": 1.2
    },
    "fallback_settings": {
        "use_hsv_centroid": false,
        "accuracy_threshold": 20.0,
        "show_accuracy": false
    }
}